"","ECONOMY","area_pasture","carbon_pasture","density_pasture","area_crop","carbon_crop","density_crop","total_carbon","total_area"
"1","",21.7267526336471,63.8169065299412,2.93725010847279,4.76519475705883,13.3504674250588,2.8016624934967,77.167373955,26.4919473907059
"2","1. High income: OECD",583.22405660647,272.202368272235,0.466720062708084,637.963832429294,497.815940908235,0.780320004995594,770.018309180471,1221.18788903576
"3","2. High income: nonOECD",5.47299487235294,9.50231625970588,1.73621873970817,8.12797012835294,6.76070481441177,0.831782684686338,16.2630210741176,13.6009650007059
"4","3. Upper middle income",1076.94718115612,1269.65916559853,1.17894283750809,1074.74566750482,887.487268035706,0.825764918035106,2157.14643363424,2151.69284866094
"5","4. Lower middle income",328.111451776941,932.686844129118,2.84259156173306,465.419897283882,759.286173957353,1.63140032987079,1691.97301808647,793.531349060823
"6","5. Low income",300.522484919647,1636.12732149724,5.4442758981402,170.932231268824,1275.15472343894,7.46000162739067,2911.28204493618,471.45471618847
